Nama,Kelas,"Penalaran Umum (B)","Penalaran Umum (S)","Penalaran Umum (K)","Penalaran Umum (P)","Pemahaman Bacaan & Menulis (B)","Pemahaman Bacaan & Menulis (S)","Pemahaman Bacaan & Menulis (K)","Pemahaman Bacaan & Menulis (P)","Pengetahuan & Pemahaman Umum (B)","Pengetahuan & Pemahaman Umum (S)","Pengetahuan & Pemahaman Umum (K)","Pengetahuan & Pemahaman Umum (P)","Pengetahuan Kuantitatif (B)","Pengetahuan Kuantitatif (S)","Pengetahuan Kuantitatif (K)","Pengetahuan Kuantitatif (P)","Literasi Bahasa Indonesia (B)","Literasi Bahasa Indonesia (S)","Literasi Bahasa Indonesia (K)","Literasi Bahasa Indonesia (P)","Literasi Bahasa Inggris (B)","Literasi Bahasa Inggris (S)","Literasi Bahasa Inggris (K)","Literasi Bahasa Inggris (P)","Penalaran Matematika (B)","Penalaran Matematika (S)","Penalaran Matematika (K)","Penalaran Matematika (P)"
"Rafa Arfiansyah Raif","XII MIPA 1",5,15,0,250,3,17,0,150,5,15,0,250,3,17,0,150,4,16,0,200,6,14,0,300,4,16,0,200
"Gaozhan Radithya","XII MIPA 1",10,10,0,500,9,11,0,450,7,13,0,350,5,15,0,250,2,18,0,100,5,15,0,250,5,15,0,250
"Rakha Abshori Setiawan","XII MIPA 3",7,13,0,350,10,10,0,500,12,8,0,600,13,7,0,650,17,3,0,850,16,4,0,800,13,7,0,650
"Amelda Shelita","XII MIPA 1",3,17,0,150,1,19,0,50,5,15,0,250,6,14,0,300,2,18,0,100,6,14,0,300,3,17,0,150
"Muhammad Dzaky Syaikhah","XII MIPA 3",8,12,0,400,13,7,0,650,11,9,0,550,12,8,0,600,16,4,0,800,8,12,0,400,14,6,0,700
"Aisyah Fatihah Tri Aulia","XII MIPA 1",2,18,0,100,4,16,0,200,15,5,0,750,3,17,0,150,9,11,0,450,3,17,0,150,6,14,0,300
"Syahrul Hasan","XII MIPA 3",1,19,0,50,6,14,0,300,15,5,0,750,4,16,0,200,16,4,0,800,8,12,0,400,1,19,0,50
"Try Muthi Utami Hasan","XII MIPA 2",12,8,0,600,10,10,0,500,7,13,0,350,10,10,0,500,12,8,0,600,7,13,0,350,12,8,0,600
"Ananda Gracela Onny","XII MIPA 2",9,11,0,450,6,14,0,300,4,16,0,200,9,11,0,450,16,4,0,800,6,14,0,300,8,12,0,400
"Iffet Zyabila Malape","XII MIPA 1",3,17,0,150,9,11,0,450,7,13,0,350,6,14,0,300,9,11,0,450,5,15,0,250,4,16,0,200
"Angelina Sheyla Putri","XII MIPA 3",6,14,0,300,5,15,0,250,8,12,0,400,6,14,0,300,2,18,0,100,5,15,0,250,6,14,0,300
"Muhammad Aflahal Mukmin","XII MIPA 2",6,14,0,300,10,10,0,500,11,9,0,550,14,6,0,700,4,16,0,200,6,14,0,300,5,15,0,250
"Anantha Arbella Montolalu","XII MIPA 3",9,11,0,450,10,10,0,500,10,10,0,500,7,13,0,350,20,0,0,1000,4,16,0,200,4,16,0,200
"Salsabila Diandra","XII MIPA 1",12,8,0,600,9,11,0,450,10,10,0,500,10,10,0,500,18,2,0,900,6,14,0,300,12,8,0,600
"Al Fath Hm.","XII MIPA 1",6,14,0,300,5,15,0,250,11,9,0,550,10,10,0,500,18,2,0,900,6,14,0,300,10,10,0,500
"Najwa D. Rahmani","XII MIPA 1",7,13,0,350,5,15,0,250,5,15,0,250,4,16,0,200,16,4,0,800,4,16,0,200,11,9,0,550
"Kezia Ardelia Musfa","XII MIPA 1",5,15,0,250,14,6,0,700,11,9,0,550,13,7,0,650,14,6,0,700,4,16,0,200,8,12,0,400
"Najwa Aulia Sahara","XII MIPA 2",7,13,0,350,0,20,0,0,6,14,0,300,9,11,0,450,18,2,0,900,8,12,0,400,10,10,0,500
"Putri Rahma Erwin J","XII MIPA 3",4,16,0,200,5,15,0,250,7,13,0,350,7,13,0,350,17,3,0,850,7,13,0,350,8,12,0,400
Hijrah,"XII MIPA 1",8,12,0,400,3,17,0,150,7,13,0,350,9,11,0,450,16,4,0,800,6,14,0,300,9,11,0,450
"Amel Natalia A. Tikupasang","XII MIPA 3",6,14,0,300,12,8,0,600,8,12,0,400,5,15,0,250,18,2,0,900,6,14,0,300,10,10,0,500
"Irene Jane Bura Padang","XII MIPA 3",7,13,0,350,1,19,0,50,10,10,0,500,11,9,0,550,17,3,0,850,6,14,0,300,10,10,0,500
"Aglifah Alfarabi Basri","XII MIPA 2",9,11,0,450,9,11,0,450,8,12,0,400,8,12,0,400,19,1,0,950,6,14,0,300,10,10,0,500
"Putri Rande Bunga","XII MIPA 2",8,12,0,400,8,12,0,400,9,11,0,450,5,15,0,250,18,2,0,900,6,14,0,300,4,16,0,200
"Vincent Christian","XII MIPA 2",5,15,0,250,2,18,0,100,6,14,0,300,9,11,0,450,17,3,0,850,9,11,0,450,8,12,0,400
"Beeny Tiku Mangalik","XII MIPA 2",3,17,0,150,3,17,0,150,8,12,0,400,6,14,0,300,17,3,0,850,8,12,0,400,8,12,0,400
"Sri Ayu Rezky Nathasa","XII MIPA 3",7,13,0,350,1,19,0,50,10,10,0,500,13,7,0,650,16,4,0,800,8,12,0,400,12,8,0,600
"Dion Alfito Kadang","XII MIPA 2",5,15,0,250,12,8,0,600,13,7,0,650,6,14,0,300,17,3,0,850,8,12,0,400,5,15,0,250
"Intania Dewi Surya","XII MIPA 1",3,17,0,150,6,14,0,300,9,11,0,450,11,9,0,550,15,5,0,750,6,14,0,300,4,16,0,200
"Muhammad Faqih Mubarak","XII MIPA 3",5,15,0,250,9,11,0,450,12,8,0,600,7,13,0,350,17,3,0,850,3,17,0,150,9,11,0,450
"Muh. Zulfikri Rahmat","XII MIPA 2",7,13,0,350,3,17,0,150,4,16,0,200,9,11,0,450,17,3,0,850,5,15,0,250,9,11,0,450
"Nathasya Putri Datu Sampetoding","XII MIPA 3",9,11,0,450,10,10,0,500,9,11,0,450,14,6,0,700,17,3,0,850,6,14,0,300,8,12,0,400
"Muhammad Al Fajar Musmeanto","XII MIPA 3",6,14,0,300,8,12,0,400,8,12,0,400,8,12,0,400,17,3,0,850,9,11,0,450,11,9,0,550
"Andromeda Zebaoth Pardede","XII MIPA 2",7,13,0,350,5,15,0,250,10,10,0,500,14,6,0,700,17,3,0,850,11,9,0,550,5,15,0,250
"Ryaman Hapsari","XII MIPA 2",7,13,0,350,8,12,0,400,10,10,0,500,9,11,0,450,3,17,0,150,5,15,0,250,5,15,0,250
"Zefanya Agatha Martine Sumampow","XII MIPA 3",11,9,0,550,11,9,0,550,8,12,0,400,6,14,0,300,18,2,0,900,11,9,0,550,7,13,0,350
"Ailsya Aulia Wardah A.","XII MIPA 1",6,14,0,300,0,20,0,0,6,14,0,300,8,12,0,400,18,2,0,900,11,9,0,550,3,17,0,150
"Resky Amelia Zukri","XII MIPA 2",7,13,0,350,8,12,0,400,9,11,0,450,5,15,0,250,11,9,0,550,5,15,0,250,1,19,0,50
"Windi Ivana Devia","XII MIPA 2",3,17,0,150,10,10,0,500,8,12,0,400,13,7,0,650,17,3,0,850,12,8,0,600,3,17,0,150
"Fayyadh Al Faruq","XII MIPA 1",6,14,0,300,3,17,0,150,10,10,0,500,14,6,0,700,18,2,0,900,6,14,0,300,15,5,0,750
"Nurindah Risadi A","XII MIPA 1",10,10,0,500,9,11,0,450,12,8,0,600,7,13,0,350,18,2,0,900,9,11,0,450,11,9,0,550
"Jovita Irene Irianto Rante","XII MIPA 3",13,7,0,650,10,10,0,500,9,11,0,450,8,12,0,400,1,19,0,50,6,14,0,300,8,12,0,400
"Joe William Bakker","XII MIPA 3",7,13,0,350,11,9,0,550,11,9,0,550,10,10,0,500,0,20,0,0,6,14,0,300,2,18,0,100
"Violola Aprilia","XII MIPA 3",7,13,0,350,5,15,0,250,12,8,0,600,7,13,0,350,18,2,0,900,6,14,0,300,6,14,0,300
Alfarabi,"XII MIPA 2",9,11,0,450,12,8,0,600,13,7,0,650,12,8,0,600,19,1,0,950,16,4,0,800,14,6,0,700
"Adelia Yumaira Arian Saputra","XII MIPA 2",9,11,0,450,5,15,0,250,11,9,0,550,13,7,0,650,17,3,0,850,12,8,0,600,12,8,0,600
"Andi Syahwa Nur Indah Dahlan","XII MIPA 2",8,12,0,400,8,12,0,400,8,12,0,400,7,13,0,350,16,4,0,800,8,12,0,400,10,10,0,500
"Fausiyyah Ulya Zhafira","XII MIPA 3",8,12,0,400,1,19,0,50,8,12,0,400,8,12,0,400,16,4,0,800,11,9,0,550,11,9,0,550
"Fikry Al Afiq Turusi","XII MIPA 1",10,10,0,500,12,8,0,600,11,9,0,550,14,6,0,700,17,3,0,850,12,8,0,600,10,10,0,500
"Gemmalysta Marjoline","XII MIPA 3",10,10,0,500,10,10,0,500,10,10,0,500,14,6,0,700,16,4,0,800,9,11,0,450,6,14,0,300
"Syavinka Putri Syahmaldy","XII MIPA 1",2,18,0,100,10,10,0,500,12,8,0,600,5,15,0,250,18,2,0,900,4,16,0,200,5,15,0,250
"Nur Haliza Zalsabilla","XII MIPA 1",9,11,0,450,5,15,0,250,8,12,0,400,8,12,0,400,16,4,0,800,11,9,0,550,12,8,0,600
"Ririn Saprina Kadang","XII MIPA 2",10,10,0,500,2,18,0,100,11,9,0,550,11,9,0,550,17,3,0,850,5,15,0,250,12,8,0,600
"Firna Anisia","XII MIPA 2",8,12,0,400,10,10,0,500,9,11,0,450,8,12,0,400,15,5,0,750,3,17,0,150,5,15,0,250
"Muh. Mikhail Nur Wahid","XII MIPA 1",11,9,0,550,2,18,0,100,11,9,0,550,12,8,0,600,20,0,0,1000,6,14,0,300,13,7,0,650
"Try Anggraeni","XII MIPA 2",8,12,0,400,6,14,0,300,8,12,0,400,7,13,0,350,16,4,0,800,5,15,0,250,11,9,0,550
"Muh. Al Faris Ramadhan","XII MIPA 1",9,11,0,450,11,9,0,550,10,10,0,500,12,8,0,600,17,3,0,850,13,7,0,650,14,6,0,700
"Aliyyah Tsabitha","XII MIPA 1",13,7,0,650,11,9,0,550,12,8,0,600,8,12,0,400,13,7,0,650,3,17,0,150,6,14,0,300
"Cahya Aprilla","XII MIPA 1",10,10,0,500,10,10,0,500,12,8,0,600,6,14,0,300,18,2,0,900,10,10,0,500,12,8,0,600
"Afif Nur Hidayat","XII MIPA 1",5,15,0,250,4,16,0,200,7,13,0,350,10,10,0,500,15,5,0,750,11,9,0,550,5,15,0,250
"Muh. Maulana Muslim","XII MIPA 2",12,8,0,600,10,10,0,500,12,8,0,600,15,5,0,750,20,0,0,1000,9,11,0,450,10,10,0,500
"Yuspin Embong Bulan","XII MIPA 2",3,17,0,150,6,14,0,300,7,13,0,350,5,15,0,250,5,15,0,250,15,5,0,750,5,15,0,250
"Embun Islamiah Jufri","XII MIPA 1",9,11,0,450,9,11,0,450,12,8,0,600,6,14,0,300,18,2,0,900,4,16,0,200,9,11,0,450
"Muhammad Faiq Fakhri","XII MIPA 1",9,11,0,450,6,14,0,300,13,7,0,650,5,15,0,250,18,2,0,900,6,14,0,300,9,11,0,450
"Grace Annie Patricia","XII MIPA 3",6,14,0,300,7,13,0,350,9,11,0,450,7,13,0,350,14,6,0,700,8,12,0,400,4,16,0,200
"Asterla Aprilia Rannu Paembonan","XII MIPA 2",4,16,0,200,8,12,0,400,10,10,0,500,4,16,0,200,17,3,0,850,11,9,0,550,5,15,0,250
"Ayu Chyntia K","XII MIPA 1",7,13,0,350,10,10,0,500,11,9,0,550,12,8,0,600,11,9,0,550,5,15,0,250,11,9,0,550
"Arung Pangden","XII MIPA 3",4,16,0,200,7,13,0,350,14,6,0,700,7,13,0,350,17,3,0,850,9,11,0,450,7,13,0,350
"Winny Putri Anggraeni","XII MIPA 1",11,9,0,550,13,7,0,650,14,6,0,700,13,7,0,650,16,4,0,800,7,13,0,350,5,15,0,250
"Elsa Sari Parirak","XII MIPA 2",5,15,0,250,3,17,0,150,11,9,0,550,3,17,0,150,17,3,0,850,4,16,0,200,8,12,0,400
"Cheysia Kinaya Putri","XII MIPA 3",7,13,0,350,10,10,0,500,9,11,0,450,5,15,0,250,15,5,0,750,5,15,0,250,8,12,0,400
"Andriani Amelia","XII MIPA 1",11,9,0,550,13,7,0,650,14,6,0,700,6,14,0,300,16,4,0,800,7,13,0,350,13,7,0,650
"Nurul Annisa Putri","XII MIPA 3",4,16,0,200,15,5,0,750,10,10,0,500,8,12,0,400,17,3,0,850,7,13,0,350,12,8,0,600
"Juliet Gladys Natasya H","XII MIPA 3",3,17,0,150,14,6,0,700,10,10,0,500,8,12,0,400,18,2,0,900,4,16,0,200,8,12,0,400
"Elsa Feldya Natasya","XII MIPA 3",9,11,0,450,9,11,0,450,12,8,0,600,8,12,0,400,16,4,0,800,6,14,0,300,8,12,0,400
"Maichel Danun L.","XII MIPA 2",9,11,0,450,6,14,0,300,11,9,0,550,9,11,0,450,12,8,0,600,5,15,0,250,8,12,0,400
"Maliq Fahdy","XII MIPA 3",5,15,0,250,9,11,0,450,13,7,0,650,6,14,0,300,20,0,0,1000,15,5,0,750,12,8,0,600
"Muh. Gian Al Fakih Hamzah","XII MIPA 1",18,2,0,900,5,15,0,250,11,9,0,550,15,5,0,750,19,1,0,950,11,9,0,550,17,3,0,850
"Adiel Pratama Tengkano","XII MIPA 2",7,13,0,350,3,17,0,150,10,10,0,500,7,13,0,350,18,2,0,900,12,8,0,600,16,4,0,800
"Brilliant Glory Yusuf Maroetha","XII MIPA 3",15,5,0,750,3,17,0,150,10,10,0,500,9,11,0,450,17,3,0,850,12,8,0,600,15,5,0,750
"Thessalonica Great Tirtasari","XII MIPA 3",7,13,0,350,11,9,0,550,12,8,0,600,8,12,0,400,18,2,0,900,13,7,0,650,16,4,0,800
"Fauzyya Pratiwi","XII MIPA 2",6,14,0,300,6,14,0,300,9,11,0,450,6,14,0,300,18,2,0,900,11,9,0,550,16,4,0,800
"Muh. Akbar Rifai Mardan","XII MIPA 3",9,11,0,450,11,9,0,550,9,11,0,450,9,11,0,450,17,3,0,850,12,8,0,600,16,4,0,800
"Rianty Ramadhani Saiful","XII MIPA 2",6,14,0,300,9,11,0,450,5,15,0,250,7,13,0,350,17,3,0,850,7,13,0,350,8,12,0,400
"Eunike Pudji Manuela Toding","XII MIPA 3",0,20,0,0,0,20,0,0,6,14,0,300,6,14,0,300,7,13,0,350,5,15,0,250,5,15,0,250
"Audrey Ambun Palisungan","XII MIPA 3",11,9,0,550,11,9,0,550,10,10,0,500,13,7,0,650,18,2,0,900,8,12,0,400,7,13,0,350
"Muh. Fajar Firman","XII MIPA 3",0,20,0,0,0,20,0,0,0,20,0,0,10,10,0,500,18,2,0,900,5,15,0,250,8,12,0,400
"Theogives Giant Lakaoni","XII MIPA 3",10,10,0,500,11,9,0,550,10,10,0,500,9,11,0,450,19,1,0,950,13,7,0,650,13,7,0,650
"Ruby Indah Friany","XII MIPA 2",0,20,0,0,0,20,0,0,11,9,0,550,8,12,0,400,17,3,0,850,11,9,0,550,16,4,0,800
"Azizah Ainul Mujahidah Amri","XII MIPA 1",14,6,0,700,11,9,0,550,13,7,0,650,8,12,0,400,19,1,0,950,11,9,0,550,16,4,0,800
"Essa Ramadhany Parman","XII MIPA 1",8,12,0,400,6,14,0,300,5,15,0,250,1,19,0,50,1,19,0,50,3,17,0,150,4,16,0,200
"Valen Okan Manggabarani","XII MIPA 1",0,20,0,0,0,20,0,0,0,20,0,0,0,20,0,0,0,20,0,0,0,20,0,0,0,20,0,0
"Azizah Azzah Ramadhani","XII MIPA 2",0,20,0,0,0,20,0,0,0,20,0,0,0,20,0,0,0,20,0,0,0,20,0,0,0,20,0,0
"Fadhilla Azzahra","XII MIPA 2",5,15,0,250,5,15,0,250,0,20,0,0,1,19,0,50,6,14,0,300,1,19,0,50,3,17,0,150
"Naia Fitriyyah Aqilah","XII MIPA 2",7,13,0,350,9,11,0,450,4,16,0,200,3,17,0,150,5,15,0,250,4,16,0,200,5,15,0,250
"Afif Nur Hidayat","XII MIPA 1",5,15,0,250,4,16,0,200,7,13,0,350,10,10,0,500,15,5,0,750,11,9,0,550,5,15,0,250
"Ailsya Aulia Wardah A.","XII MIPA 1",6,14,0,300,0,20,0,0,6,14,0,300,8,12,0,400,18,2,0,900,11,9,0,550,3,17,0,150
"Aisyah Fatihah Tri Aulia","XII MIPA 1",2,18,0,100,5,15,0,250,15,5,0,750,3,17,0,150,11,9,0,550,3,17,0,150,6,14,0,300
"Al Fath Hm.","XII MIPA 1",6,14,0,300,5,15,0,250,11,9,0,550,10,10,0,500,18,2,0,900,6,14,0,300,10,10,0,500
"Amelda Shelita","XII MIPA 1",3,17,0,150,1,19,0,50,5,15,0,250,6,14,0,300,2,18,0,100,6,14,0,300,3,17,0,150
"Andriani Amelia","XII MIPA 1",11,9,0,550,13,7,0,650,14,6,0,700,6,14,0,300,16,4,0,800,7,13,0,350,13,7,0,650
"Ayu Chyntia K","XII MIPA 1",7,13,0,350,10,10,0,500,11,9,0,550,12,8,0,600,11,9,0,550,5,15,0,250,11,9,0,550
"Cahya Aprilla","XII MIPA 1",10,10,0,500,10,10,0,500,12,8,0,600,6,14,0,300,18,2,0,900,10,10,0,500,12,8,0,600
"Embun Islamiah Jufri","XII MIPA 1",9,11,0,450,9,11,0,450,12,8,0,600,6,14,0,300,18,2,0,900,4,16,0,200,9,11,0,450
"Fayyadh Al Faruq","XII MIPA 1",6,14,0,300,3,17,0,150,10,10,0,500,14,6,0,700,18,2,0,900,6,14,0,300,15,5,0,750
Hijrah,"XII MIPA 1",8,12,0,400,3,17,0,150,7,13,0,350,9,11,0,450,16,4,0,800,6,14,0,300,9,11,0,450
"Iffet Zyabila Malape","XII MIPA 1",3,17,0,150,9,11,0,450,7,13,0,350,6,14,0,300,9,11,0,450,5,15,0,250,4,16,0,200
"Intania Dewi Surya","XII MIPA 1",3,17,0,150,6,14,0,300,9,11,0,450,11,9,0,550,15,5,0,750,6,14,0,300,4,16,0,200
"Kezia Ardelia Musfa","XII MIPA 1",5,15,0,250,14,6,0,700,11,9,0,550,13,7,0,650,14,6,0,700,4,16,0,200,8,12,0,400
"Muh. Al Faris Ramadhan","XII MIPA 1",9,11,0,450,11,9,0,550,10,10,0,500,12,8,0,600,17,3,0,850,13,7,0,650,14,6,0,700
"Muh. Gian Al Fakih Hamzah","XII MIPA 1",18,2,0,900,5,15,0,250,11,9,0,550,15,5,0,750,19,1,0,950,11,9,0,550,17,3,0,850
"Muh. Mikhail Nur Wahid","XII MIPA 1",11,9,0,550,2,18,0,100,11,9,0,550,12,8,0,600,20,0,0,1000,6,14,0,300,13,7,0,650
"Muhammad Faiq Fakhri","XII MIPA 1",10,10,0,500,7,13,0,350,13,7,0,650,5,15,0,250,18,2,0,900,6,14,0,300,9,11,0,450
"Najwa D. Rahmani","XII MIPA 1",7,13,0,350,5,15,0,250,5,15,0,250,4,16,0,200,16,4,0,800,4,16,0,200,11,9,0,550
"Nur Haliza Zalsabilla","XII MIPA 1",9,11,0,450,5,15,0,250,8,12,0,400,8,12,0,400,16,4,0,800,11,9,0,550,12,8,0,600
"Nurindah Risadi A","XII MIPA 1",10,10,0,500,9,11,0,450,12,8,0,600,7,13,0,350,18,2,0,900,9,11,0,450,11,9,0,550
"Rafa Arfiansyah Raif","XII MIPA 1",5,15,0,250,3,17,0,150,5,15,0,250,3,17,0,150,4,16,0,200,6,14,0,300,4,16,0,200
"Syavinka Putri Syahmaldy","XII MIPA 1",2,18,0,100,10,10,0,500,12,8,0,600,5,15,0,250,18,2,0,900,4,16,0,200,6,14,0,300
"Winny Putri Anggraeni","XII MIPA 1",12,8,0,600,13,7,0,650,14,6,0,700,13,7,0,650,16,4,0,800,7,13,0,350,5,15,0,250
"Adelia Yumaira Arian Saputra","XII MIPA 2",9,11,0,450,5,15,0,250,11,9,0,550,13,7,0,650,17,3,0,850,12,8,0,600,12,8,0,600
"Adiel Pratama Tengkano","XII MIPA 2",7,13,0,350,3,17,0,150,10,10,0,500,7,13,0,350,18,2,0,900,12,8,0,600,16,4,0,800
"Aglifah Alfarabi Basri","XII MIPA 2",9,11,0,450,9,11,0,450,8,12,0,400,8,12,0,400,19,1,0,950,6,14,0,300,10,10,0,500
Alfarabi,"XII MIPA 2",9,11,0,450,12,8,0,600,13,7,0,650,12,8,0,600,19,1,0,950,16,4,0,800,14,6,0,700
"Ananda Gracela Onny","XII MIPA 2",9,11,0,450,6,14,0,300,4,16,0,200,9,11,0,450,16,4,0,800,6,14,0,300,8,12,0,400
"Andi Syahwa Nur Indah Dahlan","XII MIPA 2",8,12,0,400,8,12,0,400,8,12,0,400,7,13,0,350,16,4,0,800,8,12,0,400,10,10,0,500
"Andromeda Zebaoth Pardede","XII MIPA 2",7,13,0,350,5,15,0,250,10,10,0,500,14,6,0,700,17,3,0,850,11,9,0,550,5,15,0,250
"Asterla Aprilia Rannu Paembonan","XII MIPA 2",4,16,0,200,8,12,0,400,10,10,0,500,4,16,0,200,17,3,0,850,11,9,0,550,5,15,0,250
"Beeny Tiku Mangalik","XII MIPA 2",3,17,0,150,3,17,0,150,8,12,0,400,6,14,0,300,17,3,0,850,8,12,0,400,8,12,0,400
"Dion Alfito Kadang","XII MIPA 2",5,15,0,250,12,8,0,600,13,7,0,650,6,14,0,300,17,3,0,850,8,12,0,400,5,15,0,250
"Elsa Sari Parirak","XII MIPA 2",5,15,0,250,3,17,0,150,11,9,0,550,3,17,0,150,17,3,0,850,4,16,0,200,8,12,0,400
"Fauzyya Pratiwi","XII MIPA 2",6,14,0,300,6,14,0,300,9,11,0,450,6,14,0,300,18,2,0,900,11,9,0,550,16,4,0,800
"Maichel Danun L.","XII MIPA 2",9,11,0,450,6,14,0,300,11,9,0,550,9,11,0,450,12,8,0,600,5,15,0,250,8,12,0,400
"Muh. Zulfikri Rahmat","XII MIPA 2",7,13,0,350,3,17,0,150,6,14,0,300,9,11,0,450,17,3,0,850,5,15,0,250,9,11,0,450
"Najwa Aulia Sahara","XII MIPA 2",7,13,0,350,0,20,0,0,6,14,0,300,9,11,0,450,18,2,0,900,8,12,0,400,10,10,0,500
"Resky Amelia Zukri","XII MIPA 2",7,13,0,350,8,12,0,400,9,11,0,450,5,15,0,250,11,9,0,550,5,15,0,250,1,19,0,50
"Rianty Ramadhani Saiful","XII MIPA 2",6,14,0,300,9,11,0,450,5,15,0,250,7,13,0,350,17,3,0,850,7,13,0,350,8,12,0,400
"Ririn Saprina Kadang","XII MIPA 2",10,10,0,500,2,18,0,100,11,9,0,550,11,9,0,550,17,3,0,850,5,15,0,250,12,8,0,600
"Ruby Indah Friany","XII MIPA 2",11,9,0,550,2,18,0,100,11,9,0,550,8,12,0,400,17,3,0,850,11,9,0,550,16,4,0,800
"Ryaman Hapsari","XII MIPA 2",7,13,0,350,9,11,0,450,10,10,0,500,9,11,0,450,3,17,0,150,5,15,0,250,5,15,0,250
"Try Anggraeni","XII MIPA 2",8,12,0,400,6,14,0,300,8,12,0,400,7,13,0,350,16,4,0,800,5,15,0,250,11,9,0,550
"Vincent Christian","XII MIPA 2",5,15,0,250,2,18,0,100,6,14,0,300,9,11,0,450,17,3,0,850,9,11,0,450,8,12,0,400
"Windi Ivana Devia","XII MIPA 2",3,17,0,150,10,10,0,500,8,12,0,400,13,7,0,650,17,3,0,850,12,8,0,600,3,17,0,150
"Yuspin Embong Bulan","XII MIPA 2",3,17,0,150,6,14,0,300,7,13,0,350,5,15,0,250,5,15,0,250,15,5,0,750,5,15,0,250
"Anantha Arbella Montolalu","XII MIPA 3",9,11,0,450,10,10,0,500,10,10,0,500,7,13,0,350,20,0,0,1000,4,16,0,200,4,16,0,200
"Angelina Sheyla Putri","XII MIPA 3",6,14,0,300,5,15,0,250,8,12,0,400,6,14,0,300,6,14,0,300,5,15,0,250,6,14,0,300
"Arung Pangden","XII MIPA 3",4,16,0,200,7,13,0,350,14,6,0,700,7,13,0,350,17,3,0,850,9,11,0,450,7,13,0,350
"Brilliant Glory Yusuf Maroetha","XII MIPA 3",15,5,0,750,3,17,0,150,10,10,0,500,9,11,0,450,17,3,0,850,12,8,0,600,15,5,0,750
"Cheysia Kinaya Putri","XII MIPA 3",7,13,0,350,10,10,0,500,9,11,0,450,5,15,0,250,15,5,0,750,5,15,0,250,8,12,0,400
"Eunike Pudji Manuela Toding","XII MIPA 3",7,13,0,350,7,13,0,350,6,14,0,300,6,14,0,300,7,13,0,350,5,15,0,250,5,15,0,250
"Fausiyyah Ulya Zhafira","XII MIPA 3",8,12,0,400,1,19,0,50,8,12,0,400,8,12,0,400,16,4,0,800,11,9,0,550,11,9,0,550
"Grace Annie Patricia","XII MIPA 3",6,14,0,300,7,13,0,350,9,11,0,450,7,13,0,350,14,6,0,700,8,12,0,400,4,16,0,200
"Irene Jane Bura Padang","XII MIPA 3",7,13,0,350,1,19,0,50,10,10,0,500,11,9,0,550,17,3,0,850,6,14,0,300,10,10,0,500
"Joe William Bakker","XII MIPA 3",7,13,0,350,11,9,0,550,11,9,0,550,10,10,0,500,0,20,0,0,6,14,0,300,2,18,0,100
"Jovita Irene Irianto Rante","XII MIPA 3",13,7,0,650,10,10,0,500,9,11,0,450,8,12,0,400,1,19,0,50,6,14,0,300,8,12,0,400
"Juliet Gladys Natasya H","XII MIPA 3",3,17,0,150,14,6,0,700,10,10,0,500,8,12,0,400,18,2,0,900,4,16,0,200,8,12,0,400
"Maliq Fahdy","XII MIPA 3",5,15,0,250,9,11,0,450,13,7,0,650,6,14,0,300,20,0,0,1000,15,5,0,750,12,8,0,600
"Muh. Akbar Rifai Mardan","XII MIPA 3",9,11,0,450,11,9,0,550,9,11,0,450,9,11,0,450,17,3,0,850,12,8,0,600,16,4,0,800
"Muh. Fajar Firman","XII MIPA 3",6,14,0,300,2,18,0,100,9,11,0,450,10,10,0,500,18,2,0,900,5,15,0,250,8,12,0,400
"Muhammad Al Fajar Musmeanto","XII MIPA 3",6,14,0,300,8,12,0,400,8,12,0,400,8,12,0,400,17,3,0,850,9,11,0,450,11,9,0,550
"Nathasya Putri Datu Sampetoding","XII MIPA 3",9,11,0,450,10,10,0,500,10,10,0,500,14,6,0,700,17,3,0,850,6,14,0,300,8,12,0,400
"Nurul Annisa Putri","XII MIPA 3",4,16,0,200,15,5,0,750,10,10,0,500,8,12,0,400,17,3,0,850,7,13,0,350,12,8,0,600
"Putri Rahma Erwin J","XII MIPA 3",4,16,0,200,5,15,0,250,7,13,0,350,7,13,0,350,17,3,0,850,7,13,0,350,8,12,0,400
"Rakha Abshori Setiawan","XII MIPA 3",7,13,0,350,10,10,0,500,12,8,0,600,13,7,0,650,17,3,0,850,16,4,0,800,13,7,0,650
"Sri Ayu Rezky Nathasa","XII MIPA 3",7,13,0,350,1,19,0,50,10,10,0,500,13,7,0,650,16,4,0,800,8,12,0,400,12,8,0,600
"Syahrul Hasan","XII MIPA 3",1,19,0,50,6,14,0,300,15,5,0,750,4,16,0,200,16,4,0,800,8,12,0,400,1,19,0,50
"Theogives Giant Lakaoni","XII MIPA 3",10,10,0,500,11,9,0,550,10,10,0,500,9,11,0,450,19,1,0,950,13,7,0,650,13,7,0,650
"Thessalonica Great Tirtasari","XII MIPA 3",7,13,0,350,11,9,0,550,12,8,0,600,8,12,0,400,18,2,0,900,13,7,0,650,16,4,0,800
"Violola Aprilia","XII MIPA 3",7,13,0,350,5,15,0,250,12,8,0,600,7,13,0,350,18,2,0,900,6,14,0,300,6,14,0,300
